<?xml version="1.0" encoding="UTF-8"?>
<project-private xmlns="http://www.netbeans.org/ns/project-private/1">
    <editor-bookmarks xmlns="http://www.netbeans.org/ns/editor-bookmarks/2" lastBookmarkId="0"/>
    <open-files xmlns="http://www.netbeans.org/ns/projectui-open-files/2">
        <group>
            <file>file:/D:/pelajaran/PBO/ohlib/src/view/TampilanAdmin.java</file>
            <file>file:/D:/pelajaran/PBO/ohlib/src/Model/akun.java</file>
            <file>file:/D:/pelajaran/PBO/ohlib/src/Model/pengguna.java</file>
            <file>file:/D:/pelajaran/PBO/ohlib/src/Controller/ControllerAdmin.java</file>
            <file>file:/D:/pelajaran/PBO/ohlib/src/Controller/ControllerUtama.java</file>
            <file>file:/D:/pelajaran/PBO/ohlib/src/Model/berita.java</file>
            <file>file:/D:/pelajaran/PBO/ohlib/src/Controller/ControllerPengguna.java</file>
            <file>file:/D:/pelajaran/PBO/ohlib/src/view/KelolaAkun.java</file>
            <file>file:/D:/pelajaran/PBO/ohlib/src/view/TampilanLomba.java</file>
            <file>file:/D:/pelajaran/PBO/ohlib/src/view/TampilanPengguna.java</file>
            <file>file:/D:/pelajaran/PBO/ohlib/src/view/TampilanPerpustakaan.java</file>
            <file>file:/D:/pelajaran/PBO/ohlib/src/Model/perpustakaan.java</file>
            <file>file:/D:/pelajaran/PBO/ohlib/src/view/TampilanLogin.java</file>
            <file>file:/D:/pelajaran/PBO/ohlib/src/Controller/ControllerLogin.java</file>
            <file>file:/D:/pelajaran/PBO/ohlib/src/Model/admin.java</file>
            <file>file:/D:/pelajaran/PBO/ohlib/src/Model/iklan.java</file>
            <file>file:/D:/pelajaran/PBO/ohlib/src/Model/lomba.java</file>
            <file>file:/D:/pelajaran/PBO/ohlib/src/view/DetailBuku.java</file>
            <file>file:/D:/pelajaran/PBO/ohlib/src/Model/buku.java</file>
            <file>file:/D:/pelajaran/PBO/ohlib/src/view/TampilanMenuUtama.java</file>
            <file>file:/D:/pelajaran/PBO/ohlib/src/view/formPeminjaman.java</file>
        </group>
    </open-files>
</project-private>
