<?xml version="1.0" encoding="UTF-8"?>
<project-private xmlns="http://www.netbeans.org/ns/project-private/1">
    <editor-bookmarks xmlns="http://www.netbeans.org/ns/editor-bookmarks/2" lastBookmarkId="0"/>
    <open-files xmlns="http://www.netbeans.org/ns/projectui-open-files/2">
        <group>
            <file>file:/D:/pelajaran/PBO/ohlib/src/ohlib/berita.java</file>
            <file>file:/D:/pelajaran/PBO/ohlib/src/ohlib/admin.java</file>
            <file>file:/D:/pelajaran/PBO/ohlib/src/ohlib/iklan.java</file>
            <file>file:/D:/pelajaran/PBO/ohlib/src/view/TampilanAdmin.java</file>
            <file>file:/D:/pelajaran/PBO/ohlib/src/ohlib/perpustakaan.java</file>
            <file>file:/D:/pelajaran/PBO/ohlib/src/ohlib/pengguna.java</file>
            <file>file:/D:/pelajaran/PBO/ohlib/src/ohlib/Ohlib.java</file>
            <file>file:/D:/pelajaran/PBO/ohlib/src/view/KelolaAkun.java</file>
            <file>file:/D:/pelajaran/PBO/ohlib/src/view/TampilanLomba.java</file>
            <file>file:/D:/pelajaran/PBO/ohlib/src/view/TampilanPengguna.java</file>
            <file>file:/D:/pelajaran/PBO/ohlib/src/view/TampilanPerpustakaan.java</file>
            <file>file:/D:/pelajaran/PBO/ohlib/src/view/TampilanLogin.java</file>
            <file>file:/D:/pelajaran/PBO/ohlib/src/view/DetailBuku.java</file>
            <file>file:/D:/pelajaran/PBO/ohlib/src/ohlib/buku.java</file>
            <file>file:/D:/pelajaran/PBO/ohlib/src/ohlib/akun.java</file>
            <file>file:/D:/pelajaran/PBO/ohlib/src/ohlib/lomba.java</file>
            <file>file:/D:/pelajaran/PBO/ohlib/src/view/formPeminjaman.java</file>
        </group>
    </open-files>
</project-private>
